Date,Description,Amount,Category
2026-09-01,Salary,25000.00,Income
2026-09-02,Rent,-7500.00,Housing
2026-09-03,Checkers groceries,-1250.50,Groceries
2026-09-05,Uber,-185.00,Transport
2026-09-07,Vodacom airtime,-99.00,Airtime
2026-09-10,Pick n Pay groceries,-980.25,Groceries
2026-09-12,Taxi fare,-240.00,Transport
2026-09-15,Freelance website,3500.00,Income
2026-09-18,Netflix,-199.00,Entertainment
2026-09-20,Woolworths groceries,-645.80,Groceries
2026-09-22,Petrol,-900.00,Transport
2026-09-25,Electricity,-650.00,Utilities
2026-09-28,Movie night,abc,Entertainment